{
  "max_abs_error": 6.661338147750939e-16,
  "mean_abs_error": 1.1075004725031374e-16
}