{
  "mean_coeff_error": 476.61691491027193,
  "max_coeff_error": 11206.423784583396,
  "mean_objective_gap": 885187.2100506986,
  "min_objective_gap": 0.6111533079019864,
  "max_objective_gap": 28097520.840984255
}