{
  "symmetry_error": 0.0,
  "min_eigenvalue": 3.13943665709458,
  "max_eigenvalue": 36677.348907628606,
  "residual_norm": 3.6450773090749405e-12,
  "state_error_norm": 8.564831735037706e-11,
  "coeff_error_norm": 1.2915049525142093e-11,
  "analytic_objective": -2.499291440472007e-09,
  "qp_objective": 0.0,
  "qp_objective_from_x": -2.5065673980861902e-09,
  "endpoint_residuals": {
    "p0": 0.0,
    "p1": 2.958744360626042e-14,
    "v0": 0.0,
    "a0": 0.0,
    "j0": 0.0,
    "v1": 9.160727731938323e-14,
    "a1": 1.851852005074761e-13,
    "j1": 5.639932965095795e-14
  }
}