regime,k,full_matching_l2,interior_matching_l2,boundary_matching_l2,boundary_energy_ratio
bounded_[0.20,3.00],2,15.751930310182873,8.551078727654337,13.105629640059455,0.592895555132068
bounded_[0.20,3.00],4,5.891866879296615,2.154078731110689,5.418554337162322,0.7680283162292779
bounded_[0.20,3.00],6,2.652481428064512,0.0,2.652481428064512,1.0
bounded_[0.20,3.00],8,1.2551465980360625,0.0,1.2551465980360625,1.0
bounded_[0.20,3.00],10,0.589340319425495,0.0,0.589340319425495,1.0
bounded_[0.50,2.00],2,3.4034546372384296,2.779388729863678,1.8996981201156868,0.3626590529275972
bounded_[0.50,2.00],4,1.81279637144907,0.8754805918301777,1.526450276589151,0.7751757998100574
bounded_[0.50,2.00],6,0.8441471939408508,0.0,0.8441471939408508,1.0
bounded_[0.50,2.00],8,0.42281609211387927,0.0,0.42281609211387927,1.0
bounded_[0.50,2.00],10,0.20331668563633773,0.0,0.20331668563633773,1.0
bounded_[0.90,1.10],2,7.0894674380237355,3.9030825918341416,5.572193477665938,0.5621867690656605
bounded_[0.90,1.10],4,3.251996482870967,1.2653166485154244,2.9673789015935754,0.814009691831079
bounded_[0.90,1.10],6,1.5654398061823667,0.0,1.5654398061823667,1.0
bounded_[0.90,1.10],8,0.7316597439169165,0.0,0.7316597439169165,1.0
bounded_[0.90,1.10],10,0.3690823917386778,0.0,0.3690823917386778,1.0
uniform_h=0.50,2,223.45720496821028,71.23910543168817,210.460210099355,0.8546842235038965
uniform_h=0.50,4,101.16143129236447,19.560160634783397,98.8987069929745,0.9431847123771631
uniform_h=0.50,6,42.00178046070253,0.0,42.00178046070253,1.0
uniform_h=0.50,8,16.975643281896314,0.0,16.975643281896314,1.0
uniform_h=0.50,10,7.903335499322374,0.0,7.903335499322374,1.0
uniform_h=1.00,2,7.541467467102279,3.5735667344467577,6.606589012451946,0.7451800396243092
uniform_h=1.00,4,3.1743413662770545,1.0340918457369976,2.9941501531467076,0.8874998918565206
uniform_h=1.00,6,1.3981291952331236,0.0,1.3981291952331236,1.0
uniform_h=1.00,8,0.6424385601632963,0.0,0.6424385601632963,1.0
uniform_h=1.00,10,0.31773979425389154,0.0,0.31773979425389154,1.0
uniform_h=2.00,2,1.2615386633966112,0.9571062818212255,0.7316509972886053,0.3348790000943614
uniform_h=2.00,4,0.5284258352711707,0.2860917103098934,0.43366585620019177,0.7030858524500697
uniform_h=2.00,6,0.267584018939382,0.0,0.267584018939382,1.0
uniform_h=2.00,8,0.11618268032130974,0.0,0.11618268032130974,1.0
uniform_h=2.00,10,0.05480228416555575,0.0,0.05480228416555575,1.0
