regime,trial,interior_slope,interior_r2
uniform_h=0.50,0,-5.718648816729935,0.7620558636451938
uniform_h=0.50,1,-5.760579135319791,0.7600048561679185
uniform_h=0.50,2,-5.693683155473801,0.754614236562475
uniform_h=0.50,3,-5.821118347175221,0.7583881214813017
uniform_h=0.50,4,-5.683678999166002,0.7620220838542533
uniform_h=0.50,5,-5.786537553796985,0.7545529473492737
uniform_h=1.00,0,-5.306648863484774,0.7595364172117031
uniform_h=1.00,1,-5.31381152282374,0.7598949945034159
uniform_h=1.00,2,-5.263255564203984,0.7590633404121472
uniform_h=1.00,3,-5.313414368714397,0.7604779671862459
uniform_h=1.00,4,-5.360072842592827,0.7555630767642367
uniform_h=1.00,5,-5.274168685100456,0.7576306723179178
uniform_h=2.00,0,-5.10844601798534,0.7552391398024922
uniform_h=2.00,1,-5.1246567632557865,0.7607526234801113
uniform_h=2.00,2,-5.119894655234882,0.7587517718645348
uniform_h=2.00,3,-5.064915521628931,0.7639529152949142
uniform_h=2.00,4,-5.150349193577722,0.7548109771511653
uniform_h=2.00,5,-5.075116146897643,0.7619730969586521
bounded_[0.90,1.10],0,-5.339115971382966,0.758369549300363
bounded_[0.90,1.10],1,-5.338626752602294,0.757306883083765
bounded_[0.90,1.10],2,-5.349842174531787,0.7575896435261964
bounded_[0.90,1.10],3,-5.3258687026596165,0.7577480321434331
bounded_[0.90,1.10],4,-5.279087489049116,0.758777742542934
bounded_[0.90,1.10],5,-5.329329107333728,0.7565802171425668
bounded_[0.50,2.00],0,-5.236791359173096,0.7599059861373869
bounded_[0.50,2.00],1,-5.24704112419118,0.757904969766092
bounded_[0.50,2.00],2,-5.266556545906323,0.7660576570407461
bounded_[0.50,2.00],3,-5.064224540775897,0.7645938454177016
bounded_[0.50,2.00],4,-5.255759372819198,0.7528841243256461
bounded_[0.50,2.00],5,-5.3872502050411954,0.7557327967061866
bounded_[0.20,3.00],0,-5.337007458361601,0.7607747449843535
bounded_[0.20,3.00],1,-5.457826534301849,0.754418529090729
bounded_[0.20,3.00],2,-5.165177524708952,0.7573724138249938
bounded_[0.20,3.00],3,-5.606534313607077,0.7611259553186331
bounded_[0.20,3.00],4,-5.258391607560592,0.752690861415959
bounded_[0.20,3.00],5,-5.325516221682081,0.7620839192283622
