{
  "fits": {
    "C": {
      "fit_log_errors": [
        3.1875863135489997,
        2.555526609204591,
        1.9234669048601831,
        1.291407200515775
      ],
      "intercept": 3.8196460178934077,
      "k_max": 8,
      "k_min": 2,
      "log_errors": [
        3.142275392217004,
        2.5986972333031044,
        1.9730584206591375,
        1.243955981950298
      ],
      "r2": 0.9956993115253935,
      "slope": -0.3160298521722041,
      "valid_count": 4
    },
    "C1": {
      "fit_log_errors": [
        6.28715980450991,
        5.604970130490661,
        4.92278045647141,
        4.240590782452161
      ],
      "intercept": 6.9693494785291605,
      "k_max": 8,
      "k_min": 2,
      "log_errors": [
        6.181266634745413,
        5.667886572920535,
        5.114627080905131,
        4.091720885353045
      ],
      "r2": 0.9691222074014245,
      "slope": -0.341094837009625,
      "valid_count": 4
    },
    "C2": {
      "fit_log_errors": [
        6.1081717651597955,
        5.4167160109674475,
        4.7252602567750985,
        4.0338045025827505
      ],
      "intercept": 6.7996275193521445,
      "k_max": 8,
      "k_min": 2,
      "log_errors": [
        6.01145761923925,
        5.4863564094993755,
        4.87612189747285,
        3.910016609273595
      ],
      "r2": 0.978596200087844,
      "slope": -0.3457278770961743,
      "valid_count": 4
    }
  },
  "rows": [
    [
      "C",
      2,
      23.156497072036743,
      20.285644021422744,
      -0.7673612616773362,
      40.75300754531138
    ],
    [
      "C",
      4,
      13.44620934584934,
      12.784335052304618,
      -0.5463023034762002,
      26.72752901766245
    ],
    [
      "C",
      6,
      7.1926410047026375,
      7.15264277847688,
      -0.2969786751501715,
      14.340426934236813
    ],
    [
      "C",
      8,
      3.4693108847661556,
      3.4693108847660983,
      -0.14193013744195315,
      6.591919749542402
    ],
    [
      "C1",
      2,
      483.6041183574453,
      483.8160470148975,
      29.048595932344124,
      4.766853578530572e-12
    ],
    [
      "C1",
      4,
      289.42221482706015,
      289.44314760838,
      8.99892217625591,
      6.071587677070056e-12
    ],
    [
      "C1",
      6,
      166.4387012388599,
      166.43733945742227,
      2.209316428820822,
      4.988010005035903e-12
    ],
    [
      "C1",
      8,
      59.842785717778895,
      59.842785717778895,
      0.32309482695768543,
      6.014744258209248e-12
    ],
    [
      "C2",
      2,
      408.0777088921096,
      408.30786209685203,
      23.798246868021515,
      3.5207392556912964e-12
    ],
    [
      "C2",
      4,
      241.37612692233017,
      241.4049811736291,
      7.236251951208438,
      4.703792910731863e-12
    ],
    [
      "C2",
      6,
      131.12117523871441,
      131.11954653367772,
      1.7146365696077064,
      5.978328943001543e-12
    ],
    [
      "C2",
      8,
      49.89978076563609,
      49.89978076563609,
      0.254377539091714,
      4.731104397137642e-12
    ]
  ]
}