k,r_k,interior_l2,boundary_l2,interior_l1,boundary_l1,interior_energy_ratio,boundary_energy_ratio,raw_vs_reference_l2,reference_vs_ideal_l2,gamma_norm_mean
2,2,3.0906962227821757,3.7936832666291918,6.8489112176933755,6.135869729519243,0.39894041328734103,0.6010595867126589,1.4556325242590647e-14,4.893305209060884,163.65486704707263
4,4,0.571557550579102,1.6337185389900906,0.7851317062932648,3.9543046790088154,0.10904846093410907,0.8909515390658909,3.763809210233533e-14,1.730813189880393,142.52772237216968
6,6,0.0,0.5933857282469087,0.0,1.5295238402770455,0.0,1.0,6.85694834632992e-14,0.5933857282469114,121.5493967915734
8,8,0.0,0.2873160308495844,0.0,0.7431563799497454,0.0,1.0,3.528280433175637e-14,0.28731603084958485,122.20869452077989
10,10,0.0,0.13807689691896385,0.0,0.3377161525821653,0.0,1.0,4.605930990305556e-14,0.1380768969189682,108.88188918515418
