k,r_k,full_l2,interior_l2,boundary_l2,full_linf,interior_linf,boundary_linf,boundary_energy_ratio
2,2,4.89330520906088,3.0906962227821757,3.7936832666291918,3.108756262714618,1.6994728421562277,3.108756262714618,0.6010595867126589
4,4,1.7308131898803807,0.571557550579102,1.6337185389900906,1.0003281518272298,0.48864429898776807,1.0003281518272298,0.8909515390658909
6,6,0.5933857282469087,0.0,0.5933857282469087,0.3418395690784497,0.0,0.3418395690784497,1.0
8,8,0.2873160308495844,0.0,0.2873160308495844,0.14398291037352684,0.0,0.14398291037352684,1.0
10,10,0.13807689691896385,0.0,0.13807689691896385,0.08018140553615705,0.0,0.08018140553615705,1.0
