curve,slope,intercept,r2,k_min,k_max,valid_count
full,-0.44656944451429603,2.3569030018063835,0.9909019235492669,2,10,5
interior,-5.265686592276666,10.984654972804545,0.7614204742422983,2,10,5
boundary,-0.4182297532842793,2.1244122098479203,0.995857974339286,2,10,5
