{
  "fits": {
    "boundary": {
      "fit_log_errors": [
        1.2879527032793616,
        0.4514931967108031,
        -0.3849663098577554,
        -1.221425816426314,
        -2.057885322994873
      ],
      "intercept": 2.1244122098479203,
      "k_max": 10,
      "k_min": 2,
      "log_errors": [
        1.3333373853261006,
        0.4908587288405581,
        -0.5219106222287484,
        -1.247172516260541,
        -1.9799445249661425
      ],
      "r2": 0.995857974339286,
      "slope": -0.4182297532842793,
      "valid_count": 5
    },
    "full": {
      "fit_log_errors": [
        1.4637641127777914,
        0.5706252237491993,
        -0.32251366527939274,
        -1.2156525543079848,
        -2.1087914433365764
      ],
      "intercept": 2.3569030018063835,
      "k_max": 10,
      "k_min": 2,
      "log_errors": [
        1.5878679870346206,
        0.5485913500238521,
        -0.5219106222287484,
        -1.247172516260541,
        -1.9799445249661425
      ],
      "r2": 0.9909019235492669,
      "slope": -0.44656944451429603,
      "valid_count": 5
    },
    "interior": {
      "fit_log_errors": [
        0.4532817882512141,
        -10.078091396302117,
        -20.609464580855448,
        -31.14083776540878,
        -41.67221094996211
      ],
      "intercept": 10.984654972804545,
      "k_max": 10,
      "k_min": 2,
      "log_errors": [
        1.128396380346321,
        -0.5593900998914568,
        -34.538776394910684,
        -34.538776394910684,
        -34.538776394910684
      ],
      "r2": 0.7614204742422983,
      "slope": -5.265686592276666,
      "valid_count": 5
    }
  },
  "radius_mode": "default",
  "records": [
    {
      "boundary_energy_ratio": 0.6010595867126589,
      "boundary_idx": [
        1,
        2,
        9,
        10
      ],
      "boundary_l2": 3.7936832666291918,
      "boundary_linf": 3.108756262714618,
      "full_l2": 4.89330520906088,
      "full_linf": 3.108756262714618,
      "interior_energy_ratio": 0.39894041328734103,
      "interior_idx": [
        3,
        4,
        5,
        6,
        7,
        8
      ],
      "interior_l2": 3.0906962227821757,
      "interior_linf": 1.6994728421562277,
      "k": 2,
      "r_k": 2,
      "segment_errors": [
        2.0586470872365448,
        0.3825576455990801,
        1.6526459183545743,
        0.17296940929067223,
        0.8429894697870928,
        1.4803536401101007,
        1.0004799379947076,
        1.6994728421562277,
        0.5859087339689998,
        3.108756262714618
      ]
    },
    {
      "boundary_energy_ratio": 0.8909515390658909,
      "boundary_idx": [
        1,
        2,
        3,
        4,
        7,
        8,
        9,
        10
      ],
      "boundary_l2": 1.6337185389900906,
      "boundary_linf": 1.0003281518272298,
      "full_l2": 1.7308131898803807,
      "full_linf": 1.0003281518272298,
      "interior_energy_ratio": 0.10904846093410907,
      "interior_idx": [
        5,
        6
      ],
      "interior_l2": 0.571557550579102,
      "interior_linf": 0.48864429898776807,
      "k": 4,
      "r_k": 4,
      "segment_errors": [
        0.4004037905703218,
        0.17567953855820562,
        0.12488950760942535,
        0.4086573021959034,
        0.29648740730549666,
        0.48864429898776807,
        0.43073976860324564,
        0.47237145194661045,
        0.9412351676978732,
        1.0003281518272298
      ]
    },
    {
      "boundary_energy_ratio": 1.0,
      "boundary_idx": [
        1,
        2,
        3,
        4,
        5,
        6,
        7,
        8,
        9,
        10
      ],
      "boundary_l2": 0.5933857282469087,
      "boundary_linf": 0.3418395690784497,
      "full_l2": 0.5933857282469087,
      "full_linf": 0.3418395690784497,
      "interior_energy_ratio": 0.0,
      "interior_idx": [],
      "interior_l2": 0.0,
      "interior_linf": 0.0,
      "k": 6,
      "r_k": 6,
      "segment_errors": [
        0.07839324701447999,
        0.04451391113125674,
        0.05698116751242928,
        0.1777084480835844,
        0.2204506481065414,
        0.23259088967998992,
        0.006963899837485659,
        0.08239522033896644,
        0.2876868394938619,
        0.3418395690784497
      ]
    },
    {
      "boundary_energy_ratio": 1.0,
      "boundary_idx": [
        1,
        2,
        3,
        4,
        5,
        6,
        7,
        8,
        9,
        10
      ],
      "boundary_l2": 0.2873160308495844,
      "boundary_linf": 0.14398291037352684,
      "full_l2": 0.2873160308495844,
      "full_linf": 0.14398291037352684,
      "interior_energy_ratio": 0.0,
      "interior_idx": [],
      "interior_l2": 0.0,
      "interior_linf": 0.0,
      "k": 8,
      "r_k": 8,
      "segment_errors": [
        0.005158181722847353,
        0.02238516669513775,
        0.09116306956236774,
        0.12561429514858116,
        0.14398291037352684,
        0.11354226265738339,
        0.035540311657953065,
        0.0035153400408907145,
        0.0652022430583548,
        0.1370525990327026
      ]
    },
    {
      "boundary_energy_ratio": 1.0,
      "boundary_idx": [
        1,
        2,
        3,
        4,
        5,
        6,
        7,
        8,
        9,
        10
      ],
      "boundary_l2": 0.13807689691896385,
      "boundary_linf": 0.08018140553615705,
      "full_l2": 0.13807689691896385,
      "full_linf": 0.08018140553615705,
      "interior_energy_ratio": 0.0,
      "interior_idx": [],
      "interior_l2": 0.0,
      "interior_linf": 0.0,
      "k": 10,
      "r_k": 10,
      "segment_errors": [
        0.04552807479678084,
        0.03575651615793706,
        0.0644820848654041,
        0.08018140553615705,
        3.821630118174047e-14,
        9.375116545440246e-14,
        0.06305212953018881,
        0.017670528096158114,
        0.002159120011246035,
        0.028886293588161367
      ]
    }
  ],
  "seed": 42
}