case_name,M,target_waypoint_idx,max_far_influence,mean_far_influence,num_far_entries_above_tol
fd_check,6,0,11.291093555299065,5.371189533379801,4
fd_check,6,1,1.348629001631991,0.7916368649696954,3
fd_check,6,2,2.8768354230247324,1.8117658318149885,3
fd_check,6,3,3.4434412153091323,2.415432171369329,3
fd_check,6,4,4.54708529601904,2.5581048201246444,3
