case_name,M,eps,fro_error,max_abs_error,relative_error
fd_check,6,1e-07,2.1680506966869264e-05,1.0692300695058776e-05,1.3773347440725413e-07
