{
  "fit": {
    "fit_log_errors": [
      -25.629582380465266,
      -25.629582380465273,
      -25.62958238046528,
      -25.629582380465287
    ],
    "intercept": -25.62958238046526,
    "k_max": 8,
    "k_min": 2,
    "log_errors": [
      -25.629582380465266,
      -25.629582380465266,
      -25.629582380465266,
      -25.629582380465266
    ],
    "r2": 1.0,
    "slope": -3.552713678800501e-15,
    "valid_count": 4
  },
  "matching_fit": {
    "fit_log_errors": [
      6.018346944562037,
      -2.293097882966741,
      -10.604542710495519,
      -18.915987538024297
    ],
    "intercept": 14.329791772090815,
    "k_max": 8,
    "k_min": 2,
    "log_errors": [
      1.4932133201691542,
      0.05101795147774972,
      -1.7173735062058146,
      -25.62213895236557
    ],
    "r2": 0.6973189464582018,
    "slope": -4.155722413764389,
    "valid_count": 4
  },
  "records": [
    {
      "abs_cost_gap": 2.1391315385699272e-09,
      "global_l2": 7.399694647173564e-12,
      "is_k_dependent": false,
      "k": 2,
      "kind": "actual",
      "matching_l2": 4.45137625953524,
      "matching_max_abs": 1.5568423438086838,
      "max_abs": 5.091038701721118e-12,
      "max_segmentwise_l2": 6.7337160882531155e-12,
      "mean_segmentwise_l2": 1.819677151593924e-12,
      "rel_cost_gap": 5.3512749786932545e-14,
      "relative_l2": 2.0152111685666155e-13,
      "scheme": "A",
      "segmentwise_l2": [
        6.7337160882531155e-12,
        1.693877897329038e-12,
        1.0616149508444468e-12,
        1.4092943642774135e-12,
        1.0944322247154986e-12,
        1.0178669400396436e-12,
        7.86454307083054e-13,
        7.601604402091813e-13
      ]
    },
    {
      "abs_cost_gap": 2.1391315385699272e-09,
      "global_l2": 7.399694647173564e-12,
      "is_k_dependent": false,
      "k": 4,
      "kind": "actual",
      "matching_l2": 1.0523417842037677,
      "matching_max_abs": 0.506959989128879,
      "max_abs": 5.091038701721118e-12,
      "max_segmentwise_l2": 6.7337160882531155e-12,
      "mean_segmentwise_l2": 1.819677151593924e-12,
      "rel_cost_gap": 5.3512749786932545e-14,
      "relative_l2": 2.0152111685666155e-13,
      "scheme": "A",
      "segmentwise_l2": [
        6.7337160882531155e-12,
        1.693877897329038e-12,
        1.0616149508444468e-12,
        1.4092943642774135e-12,
        1.0944322247154986e-12,
        1.0178669400396436e-12,
        7.86454307083054e-13,
        7.601604402091813e-13
      ]
    },
    {
      "abs_cost_gap": 2.1391315385699272e-09,
      "global_l2": 7.399694647173564e-12,
      "is_k_dependent": false,
      "k": 6,
      "kind": "actual",
      "matching_l2": 0.1795370822200237,
      "matching_max_abs": 0.10076617695593404,
      "max_abs": 5.091038701721118e-12,
      "max_segmentwise_l2": 6.7337160882531155e-12,
      "mean_segmentwise_l2": 1.819677151593924e-12,
      "rel_cost_gap": 5.3512749786932545e-14,
      "relative_l2": 2.0152111685666155e-13,
      "scheme": "A",
      "segmentwise_l2": [
        6.7337160882531155e-12,
        1.693877897329038e-12,
        1.0616149508444468e-12,
        1.4092943642774135e-12,
        1.0944322247154986e-12,
        1.0178669400396436e-12,
        7.86454307083054e-13,
        7.601604402091813e-13
      ]
    },
    {
      "abs_cost_gap": 2.1391315385699272e-09,
      "global_l2": 7.399694647173564e-12,
      "is_k_dependent": false,
      "k": 8,
      "kind": "actual",
      "matching_l2": 7.454979240435394e-12,
      "matching_max_abs": 5.144329406903125e-12,
      "max_abs": 5.091038701721118e-12,
      "max_segmentwise_l2": 6.7337160882531155e-12,
      "mean_segmentwise_l2": 1.819677151593924e-12,
      "rel_cost_gap": 5.3512749786932545e-14,
      "relative_l2": 2.0152111685666155e-13,
      "scheme": "A",
      "segmentwise_l2": [
        6.7337160882531155e-12,
        1.693877897329038e-12,
        1.0616149508444468e-12,
        1.4092943642774135e-12,
        1.0944322247154986e-12,
        1.0178669400396436e-12,
        7.86454307083054e-13,
        7.601604402091813e-13
      ]
    }
  ],
  "scheme": "A"
}