{
  "elapsed_sec": 0.05018809903413057,
  "final_by_curve": {
    "A": {
      "abs_cost_gap": 2.1391315385699272e-09,
      "global_l2": 7.399694647173564e-12,
      "is_k_dependent": false,
      "k": 8,
      "kind": "actual",
      "matching_l2": 7.454979240435394e-12,
      "matching_max_abs": 5.144329406903125e-12,
      "max_abs": 5.091038701721118e-12,
      "max_segmentwise_l2": 6.7337160882531155e-12,
      "mean_segmentwise_l2": 1.819677151593924e-12,
      "rel_cost_gap": 5.3512749786932545e-14,
      "relative_l2": 2.0152111685666155e-13,
      "scheme": "A",
      "segmentwise_l2": [
        6.7337160882531155e-12,
        1.693877897329038e-12,
        1.0616149508444468e-12,
        1.4092943642774135e-12,
        1.0944322247154986e-12,
        1.0178669400396436e-12,
        7.86454307083054e-13,
        7.601604402091813e-13
      ]
    },
    "B": {
      "abs_cost_gap": 83412.56189206656,
      "global_l2": 141.68466323856103,
      "is_k_dependent": true,
      "k": 8,
      "kind": "actual",
      "matching_l2": 141.68466323856106,
      "matching_max_abs": 77.55359074163229,
      "max_abs": 77.55359074163229,
      "max_segmentwise_l2": 112.23443442263256,
      "mean_segmentwise_l2": 35.50522663339977,
      "rel_cost_gap": 2.088343329701361,
      "relative_l2": 3.858598623147359,
      "scheme": "B",
      "segmentwise_l2": [
        0.9169420551046759,
        20.463223403400207,
        50.34169178779231,
        13.297292987185191,
        112.23443442263256,
        25.64637909779019,
        60.740343524681954,
        0.401505788611127
      ]
    },
    "C": {
      "abs_cost_gap": -5668.970329423471,
      "global_l2": 3.4693108847661556,
      "is_k_dependent": true,
      "k": 8,
      "kind": "actual",
      "matching_l2": 3.4693108847660983,
      "matching_max_abs": 2.02202144621063,
      "max_abs": 2.022021446210683,
      "max_segmentwise_l2": 2.655073200478311,
      "mean_segmentwise_l2": 0.9090223764236947,
      "rel_cost_gap": -0.14193013744195315,
      "relative_l2": 0.09448219657119178,
      "scheme": "C",
      "segmentwise_l2": [
        2.655073200478311,
        0.485394933315375,
        0.5083876320235308,
        3.682998514311032e-13,
        2.1124367270072158e-13,
        1.4789664949039965,
        1.1276908039433269,
        1.0166659467244372
      ]
    },
    "ideal": {
      "abs_cost_gap": 1.0186340659856796e-10,
      "global_l2": 2.1685335887697797e-13,
      "k": 8,
      "kind": "ideal",
      "max_abs": 9.214851104388799e-14,
      "max_segmentwise_l2": 1.1435352395185306e-13,
      "mean_segmentwise_l2": 6.948047717718097e-14,
      "rel_cost_gap": 2.4424906541753444e-15,
      "relative_l2": 5.905720865346678e-15,
      "segmentwise_l2": [
        1.1089154352250652e-13,
        3.852333915219369e-14,
        1.0314101208614488e-13,
        1.1435352395185306e-13,
        6.557840810897161e-14,
        5.0824574372028414e-14,
        3.9052482027274856e-14,
        3.347893419647463e-14
      ]
    }
  },
  "fits": {
    "A": {
      "fit_log_errors": [
        -25.629582380465266,
        -25.629582380465273,
        -25.62958238046528,
        -25.629582380465287
      ],
      "intercept": -25.62958238046526,
      "k_max": 8,
      "k_min": 2,
      "log_errors": [
        -25.629582380465266,
        -25.629582380465266,
        -25.629582380465266,
        -25.629582380465266
      ],
      "r2": 1.0,
      "slope": -3.552713678800501e-15,
      "valid_count": 4
    },
    "B": {
      "fit_log_errors": [
        6.3223352998954345,
        5.908306503870023,
        5.49427770784461,
        5.080248911819197
      ],
      "intercept": 6.736364095920847,
      "k_max": 8,
      "k_min": 2,
      "log_errors": [
        6.1812666347454135,
        6.063798829164098,
        5.6064990527065115,
        4.953603906813229
      ],
      "r2": 0.9218003505891158,
      "slope": -0.2070143980127062,
      "valid_count": 4
    },
    "C": {
      "fit_log_errors": [
        3.1875863135489997,
        2.555526609204591,
        1.9234669048601831,
        1.291407200515775
      ],
      "intercept": 3.8196460178934077,
      "k_max": 8,
      "k_min": 2,
      "log_errors": [
        3.142275392217004,
        2.5986972333031044,
        1.9730584206591375,
        1.243955981950298
      ],
      "r2": 0.9956993115253935,
      "slope": -0.3160298521722041,
      "valid_count": 4
    },
    "ideal": {
      "fit_log_errors": [
        6.7258301611583455,
        -2.6468394912642346,
        -12.019509143686815,
        -21.392178796109395
      ],
      "intercept": 16.098499813580926,
      "k_max": 8,
      "k_min": 2,
      "log_errors": [
        1.4932133201691102,
        0.05101795147706418,
        -1.7173735062017048,
        -29.159555035346557
      ],
      "r2": 0.6859188670308012,
      "slope": -4.68633482621129,
      "valid_count": 4
    }
  },
  "matching_fits": {
    "A": {
      "fit_log_errors": [
        6.018346944562037,
        -2.293097882966741,
        -10.604542710495519,
        -18.915987538024297
      ],
      "intercept": 14.329791772090815,
      "k_max": 8,
      "k_min": 2,
      "log_errors": [
        1.4932133201691542,
        0.05101795147774972,
        -1.7173735062058146,
        -25.62213895236557
      ],
      "r2": 0.6973189464582018,
      "slope": -4.155722413764389,
      "valid_count": 4
    },
    "B": {
      "fit_log_errors": [
        6.322669853086056,
        5.908502399670696,
        5.494334946255337,
        5.080167492839976
      ],
      "intercept": 6.736837306501416,
      "k_max": 8,
      "k_min": 2,
      "log_errors": [
        6.181704766321388,
        6.0638689871732865,
        5.60649703154415,
        4.953603906813229
      ],
      "r2": 0.9219498963182943,
      "slope": -0.2070837267076799,
      "valid_count": 4
    },
    "C": {
      "fit_log_errors": [
        3.074184644714192,
        2.4863235368949193,
        1.898462429075646,
        1.3106013212563727
      ],
      "intercept": 3.6620457525334653,
      "k_max": 8,
      "k_min": 2,
      "log_errors": [
        3.009913444807267,
        2.5482205974026773,
        1.9674819077809014,
        1.2439559819502815
      ],
      "r2": 0.9901623913571242,
      "slope": -0.29393055390963657,
      "valid_count": 4
    }
  },
  "notes": {
    "scheme_A_role": "shared_state_baseline_not_strict_k_family"
  },
  "reference": {
    "centered_reconstruction_error": 2.1685335887697797e-13,
    "cost": 39941.97731078768,
    "residual_norm": 1.13655769426138e-12
  }
}