{
  "fit": {
    "fit_log_errors": [
      3.1875863135489997,
      2.555526609204591,
      1.9234669048601831,
      1.291407200515775
    ],
    "intercept": 3.8196460178934077,
    "k_max": 8,
    "k_min": 2,
    "log_errors": [
      3.142275392217004,
      2.5986972333031044,
      1.9730584206591375,
      1.243955981950298
    ],
    "r2": 0.9956993115253935,
    "slope": -0.3160298521722041,
    "valid_count": 4
  },
  "matching_fit": {
    "fit_log_errors": [
      3.074184644714192,
      2.4863235368949193,
      1.898462429075646,
      1.3106013212563727
    ],
    "intercept": 3.6620457525334653,
    "k_max": 8,
    "k_min": 2,
    "log_errors": [
      3.009913444807267,
      2.5482205974026773,
      1.9674819077809014,
      1.2439559819502815
    ],
    "r2": 0.9901623913571242,
    "slope": -0.29393055390963657,
    "valid_count": 4
  },
  "records": [
    {
      "abs_cost_gap": -30649.92610309357,
      "global_l2": 23.156497072036743,
      "is_k_dependent": true,
      "k": 2,
      "kind": "actual",
      "matching_l2": 20.285644021422744,
      "matching_max_abs": 13.241501920356953,
      "max_abs": 14.306933796265326,
      "max_segmentwise_l2": 18.558493016717637,
      "mean_segmentwise_l2": 6.83859634893971,
      "rel_cost_gap": -0.7673612616773362,
      "relative_l2": 0.630637259366819,
      "scheme": "C",
      "segmentwise_l2": [
        18.558493016717637,
        3.8999333954846396,
        6.609320857612109,
        5.782262746022178,
        4.840576961530379,
        4.767367267308024,
        5.749881060322185,
        4.500935486520524
      ]
    },
    {
      "abs_cost_gap": -21820.394210277438,
      "global_l2": 13.44620934584934,
      "is_k_dependent": true,
      "k": 4,
      "kind": "actual",
      "matching_l2": 12.784335052304618,
      "matching_max_abs": 7.624192277091954,
      "max_abs": 7.864735408030256,
      "max_segmentwise_l2": 10.2940480965902,
      "mean_segmentwise_l2": 4.057302773725176,
      "rel_cost_gap": -0.5463023034762002,
      "relative_l2": 0.366190127304652,
      "scheme": "C",
      "segmentwise_l2": [
        10.2940480965902,
        2.0652063651166728,
        2.157748307875411,
        4.467409792850626,
        3.4673737592051057,
        3.9192385140699004,
        3.190497212586409,
        2.8969001415070874
      ]
    },
    {
      "abs_cost_gap": -11861.915504635937,
      "global_l2": 7.1926410047026375,
      "is_k_dependent": true,
      "k": 6,
      "kind": "actual",
      "matching_l2": 7.15264277847688,
      "matching_max_abs": 4.202268824405081,
      "max_abs": 4.2022688244051345,
      "max_segmentwise_l2": 5.5140490732203835,
      "mean_segmentwise_l2": 2.1193744954707223,
      "rel_cost_gap": -0.2969786751501715,
      "relative_l2": 0.1958822785978533,
      "scheme": "C",
      "segmentwise_l2": [
        5.5140490732203835,
        0.9916622865962678,
        1.0515682278417129,
        0.9368630965651552,
        2.5719467116358743,
        2.293247496502189,
        1.9077592948309707,
        1.6878997765732253
      ]
    },
    {
      "abs_cost_gap": -5668.970329423471,
      "global_l2": 3.4693108847661556,
      "is_k_dependent": true,
      "k": 8,
      "kind": "actual",
      "matching_l2": 3.4693108847660983,
      "matching_max_abs": 2.02202144621063,
      "max_abs": 2.022021446210683,
      "max_segmentwise_l2": 2.655073200478311,
      "mean_segmentwise_l2": 0.9090223764236947,
      "rel_cost_gap": -0.14193013744195315,
      "relative_l2": 0.09448219657119178,
      "scheme": "C",
      "segmentwise_l2": [
        2.655073200478311,
        0.485394933315375,
        0.5083876320235308,
        3.682998514311032e-13,
        2.1124367270072158e-13,
        1.4789664949039965,
        1.1276908039433269,
        1.0166659467244372
      ]
    }
  ],
  "scheme": "C"
}