{
  "M_values": [
    10,
    20,
    40
  ],
  "summary_rows": [
    [
      10,
      "ideal",
      -3.159671364788044,
      0.6370099065641793,
      1.2735708842106292e-13,
      NaN,
      -4.6629367034256575e-15
    ],
    [
      10,
      "A",
      -2.1184291441043397e-15,
      -4.4,
      4.132796731623438e-12,
      4.138177048783495e-12,
      -2.1316282072803006e-14
    ],
    [
      10,
      "B",
      -0.16612729576811594,
      0.7850978837089757,
      42.720722419912754,
      42.72072241991276,
      0.2681918784163666
    ],
    [
      10,
      "C",
      -0.41580633495783587,
      0.998761461793427,
      0.25316364500551597,
      0.25316364500546473,
      -0.013364075436829492
    ],
    [
      20,
      "ideal",
      -1.2121364836291828,
      0.6898687945145573,
      4.581706163345039e-13,
      NaN,
      1.9761969838327786e-14
    ],
    [
      20,
      "A",
      0.0,
      1.0,
      2.858574502366726e-12,
      2.862720512381302e-12,
      -4.942712905631197e-13
    ],
    [
      20,
      "B",
      -0.11364974703887992,
      0.8252563367880723,
      47.34910938653978,
      47.34910938653976,
      0.5016841488004506
    ],
    [
      20,
      "C",
      -0.32443283805986906,
      0.9945315125330458,
      0.01324592459407471,
      0.013245924594081618,
      -0.0008148859307279821
    ],
    [
      40,
      "ideal",
      -0.6729753628116961,
      0.9996333816875583,
      7.087560964639576e-05,
      NaN,
      4.012117216234401e-07
    ],
    [
      40,
      "A",
      -8.170666981414869e-16,
      1.0,
      7.934614180690414e-12,
      7.087561003630732e-05,
      -3.6637359812630166e-14
    ],
    [
      40,
      "B",
      -0.10520789272902105,
      0.9469690954932141,
      167.46489876203572,
      167.46489760044653,
      2.091378742263283
    ],
    [
      40,
      "C",
      -0.30146537005644286,
      0.9978024012473862,
      0.06262508655842042,
      0.0626272075152068,
      -0.001380167850233316
    ]
  ]
}