{
  "fit": {
    "fit_log_errors": [
      6.3223352998954345,
      5.908306503870023,
      5.49427770784461,
      5.080248911819197
    ],
    "intercept": 6.736364095920847,
    "k_max": 8,
    "k_min": 2,
    "log_errors": [
      6.1812666347454135,
      6.063798829164098,
      5.6064990527065115,
      4.953603906813229
    ],
    "r2": 0.9218003505891158,
    "slope": -0.2070143980127062,
    "valid_count": 4
  },
  "matching_fit": {
    "fit_log_errors": [
      6.322669853086056,
      5.908502399670696,
      5.494334946255337,
      5.080167492839976
    ],
    "intercept": 6.736837306501416,
    "k_max": 8,
    "k_min": 2,
    "log_errors": [
      6.181704766321388,
      6.0638689871732865,
      5.60649703154415,
      4.953603906813229
    ],
    "r2": 0.9219498963182943,
    "slope": -0.2070837267076799,
    "valid_count": 4
  },
  "records": [
    {
      "abs_cost_gap": 1160258.3596400425,
      "global_l2": 483.60411835744543,
      "is_k_dependent": true,
      "k": 2,
      "kind": "actual",
      "matching_l2": 483.8160470148976,
      "matching_max_abs": 220.2884255699955,
      "max_abs": 220.34551298747067,
      "max_segmentwise_l2": 311.26979019449533,
      "mean_segmentwise_l2": 126.54477504202222,
      "rel_cost_gap": 29.04859593234698,
      "relative_l2": 13.170332925169912,
      "scheme": "B",
      "segmentwise_l2": [
        14.425506923727587,
        69.90601219427273,
        310.1438203526674,
        54.201989094355284,
        311.26979019449533,
        94.22374518213411,
        154.50036363927026,
        3.686972755255256
      ]
    },
    {
      "abs_cost_gap": 687316.6215762501,
      "global_l2": 430.00585684477704,
      "is_k_dependent": true,
      "k": 4,
      "kind": "actual",
      "matching_l2": 430.03602625793326,
      "matching_max_abs": 257.7984269750658,
      "max_abs": 257.7984269750658,
      "max_segmentwise_l2": 368.2194650828037,
      "mean_segmentwise_l2": 99.82561427270116,
      "rel_cost_gap": 17.20787672148161,
      "relative_l2": 11.71065356857186,
      "scheme": "B",
      "segmentwise_l2": [
        6.1543602019923656,
        29.632985495961808,
        183.46955295355858,
        69.2656309425621,
        368.2194650828037,
        61.58221816914559,
        78.41438159671488,
        1.8663197388703006
      ]
    },
    {
      "abs_cost_gap": 256269.58207216274,
      "global_l2": 272.1896463864596,
      "is_k_dependent": true,
      "k": 6,
      "kind": "actual",
      "matching_l2": 272.18909624754707,
      "matching_max_abs": 171.78866651769127,
      "max_abs": 171.78866651769127,
      "max_segmentwise_l2": 245.4845744984579,
      "mean_segmentwise_l2": 61.700147364665,
      "rel_cost_gap": 6.416046458544967,
      "relative_l2": 7.412733112922534,
      "scheme": "B",
      "segmentwise_l2": [
        2.5246889033138173,
        25.5140999808451,
        64.55282319559613,
        46.22950154982853,
        245.4845744984579,
        31.938474498301993,
        76.43317671335264,
        0.9238395776238508
      ]
    },
    {
      "abs_cost_gap": 83412.56189206656,
      "global_l2": 141.68466323856103,
      "is_k_dependent": true,
      "k": 8,
      "kind": "actual",
      "matching_l2": 141.68466323856106,
      "matching_max_abs": 77.55359074163229,
      "max_abs": 77.55359074163229,
      "max_segmentwise_l2": 112.23443442263256,
      "mean_segmentwise_l2": 35.50522663339977,
      "rel_cost_gap": 2.088343329701361,
      "relative_l2": 3.858598623147359,
      "scheme": "B",
      "segmentwise_l2": [
        0.9169420551046759,
        20.463223403400207,
        50.34169178779231,
        13.297292987185191,
        112.23443442263256,
        25.64637909779019,
        60.740343524681954,
        0.401505788611127
      ]
    }
  ],
  "scheme": "B"
}