{
  "records": [
    {
      "case_name": "uniform_time",
      "M": 4,
      "tol": 1e-10,
      "max_effective_bandwidth": 3,
      "mean_effective_bandwidth": 2.3333333333333335,
      "far_nonzero_ratio": 1.0,
      "fro_error": 3.7235118252362033e-07,
      "max_abs_error": 1.8186157735300412e-07,
      "relative_error": 1.9254070613621197e-08
    },
    {
      "case_name": "uniform_time",
      "M": 8,
      "tol": 1e-10,
      "max_effective_bandwidth": 7,
      "mean_effective_bandwidth": 5.285714285714286,
      "far_nonzero_ratio": 1.0,
      "fro_error": 1.1794703841772456e-07,
      "max_abs_error": 3.09126098052559e-08,
      "relative_error": 6.04075768968253e-09
    },
    {
      "case_name": "uniform_time",
      "M": 16,
      "tol": 1e-10,
      "max_effective_bandwidth": 15,
      "mean_effective_bandwidth": 11.266666666666667,
      "far_nonzero_ratio": 1.0,
      "fro_error": 7.35778369361026e-08,
      "max_abs_error": 1.5987284968099758e-08,
      "relative_error": 3.347853888907687e-09
    },
    {
      "case_name": "uniform_time",
      "M": 32,
      "tol": 1e-10,
      "max_effective_bandwidth": 31,
      "mean_effective_bandwidth": 23.258064516129032,
      "far_nonzero_ratio": 1.0,
      "fro_error": 7.366146648346787e-08,
      "max_abs_error": 1.1546319456142286e-08,
      "relative_error": 2.810124381954938e-09
    }
  ],
  "tol": 1e-10,
  "eps": 1e-06
}