{
  "M": 6,
  "q": [
    0.0,
    0.2437736638035451,
    -0.5882136211888513,
    0.012147335456314523,
    0.7645991085692857,
    -0.7962290423537836,
    -1.837972647843638
  ],
  "T": [
    1.261139701990353,
    1.2860643052769538,
    0.6281136326755459,
    0.9503859378955671,
    0.8707980242325812,
    1.4267649888486018
  ],
  "s": 4,
  "k": 2,
  "d_i": 1,
  "dim": 1,
  "boundary_condition": "natural",
  "seed": 42,
  "theta": [
    0.2437736638035451,
    -0.5882136211888513,
    0.012147335456314523,
    0.7645991085692857,
    -0.7962290423537836,
    1.261139701990353,
    1.2860643052769538,
    0.6281136326755459,
    0.9503859378955671,
    0.8707980242325812,
    1.4267649888486018
  ],
  "total_time": 6.423266590919602,
  "window_map": {
    "0": [
      0,
      1
    ],
    "1": [
      0,
      1,
      2
    ],
    "2": [
      1,
      2,
      3
    ],
    "3": [
      2,
      3,
      4
    ],
    "4": [
      3,
      4,
      5
    ],
    "5": [
      4,
      5
    ]
  }
}