{
  "coeffs": [
    [
      0.0,
      0.0,
      0.0,
      0.0,
      8.995066599414239,
      -12.59610096247269,
      6.515735131115035,
      -1.2633790299801793
    ],
    [
      1.0,
      3.11722752399335,
      1.3880306080397815,
      -3.2215070728771154,
      -28.25771891005394,
      48.45220498574513,
      -28.03235972815956,
      5.596349841770107
    ],
    [
      -0.8,
      -1.048644843417307,
      1.8074983861363676,
      2.2453971950703826,
      117.33058290604271,
      -324.4937179734591,
      302.22564443342117,
      -95.84546023766796
    ],
    [
      1.5,
      -0.4906205724830231,
      -1.6203227293598688,
      1.7390497433979928,
      -31.763781122880054,
      71.98492940829586,
      -56.06355191549214,
      14.767922598621137
    ],
    [
      0.2,
      1.5031891413116771,
      -0.14516698550708282,
      -2.6556516648533575,
      0.7905638976544314,
      1.5903042608644138,
      0.6750916469823751,
      -1.2964875979975168
    ]
  ],
  "consensus": {
    "post_lower_order_jump_norm": [
      2.762833162859504e-12,
      3.0147476092241693e-13,
      2.8208766229401164e-12,
      2.082695321848111e-12
    ],
    "pre_dispersion": [
      5.332161659099132,
      20.053661218860583,
      16.850480414332832,
      3.2386753697352635
    ],
    "prediction_counts": [
      2,
      2,
      2,
      2
    ]
  },
  "eta_consensus": [
    [
      3.11722752399335,
      2.7760612160795635,
      -19.329042437262693
    ],
    [
      -1.048644843417307,
      3.614996772272735,
      13.472383170422297
    ],
    [
      -0.49062057248302304,
      -3.2406454587197375,
      10.434298460387957
    ],
    [
      1.5031891413116771,
      -0.2903339710141657,
      -15.933909989120146
    ]
  ],
  "eta_predictions": {
    "1": [
      {
        "eta": [
          3.3928455966968567,
          4.762341496369551,
          -14.38832656960777
        ],
        "weight": 1.0,
        "window_center": 1
      },
      {
        "eta": [
          2.8416094512898433,
          0.789780935789576,
          -24.269758304917616
        ],
        "weight": 1.0,
        "window_center": 2
      }
    ],
    "2": [
      {
        "eta": [
          -4.461178852514058,
          4.930583662015383,
          33.189714913158895
        ],
        "weight": 1.0,
        "window_center": 2
      },
      {
        "eta": [
          2.363889165679444,
          2.299409882530087,
          -6.2449485723143
        ],
        "weight": 1.0,
        "window_center": 3
      }
    ],
    "3": [
      {
        "eta": [
          1.9041538881692324,
          -3.321043832552783,
          -6.2449485723143
        ],
        "weight": 1.0,
        "window_center": 3
      },
      {
        "eta": [
          -2.8853950331352785,
          -3.1602470848866924,
          27.113545493090214
        ],
        "weight": 1.0,
        "window_center": 4
      }
    ],
    "4": [
      {
        "eta": [
          1.3174771610169889,
          1.0757447546596879,
          -18.864500053623566
        ],
        "weight": 1.0,
        "window_center": 4
      },
      {
        "eta": [
          1.6889011216063654,
          -1.6564126966880193,
          -13.003319924616724
        ],
        "weight": 1.0,
        "window_center": 5
      }
    ]
  },
  "figure_paths": {},
  "jumps": {
    "0": [
      -5.88418203051333e-14,
      1.6631140908884845e-13,
      -1.3500311979441904e-13,
      1.0230705171920818e-13
    ],
    "1": [
      -2.7711166694643907e-13,
      -1.4210854715202004e-14,
      1.2934098236883074e-14,
      1.729727472365994e-13
    ],
    "2": [
      -1.0245138071240945e-12,
      -3.0109248427834245e-13,
      -1.963762485956977e-12,
      1.3235523788068804e-12
    ],
    "3": [
      -2.5508484213787597e-12,
      -5.329070518200751e-15,
      2.0250467969162855e-12,
      1.5987211554602254e-12
    ],
    "4": [
      642.7124808248866,
      -2234.4192988840955,
      -2029.9849187921843,
      810.5513691762252
    ],
    "5": [
      -5610.310977815912,
      44138.38328759059,
      -47374.97353008155,
      9075.371488337558
    ],
    "6": [
      19780.684049797626,
      -198297.91851280825,
      -176786.7862668443,
      41021.539521773935
    ]
  },
  "local_windows": [
    {
      "center_segment": 1,
      "objective": 4545.487716676647,
      "segments": [
        1,
        2
      ],
      "window_type": "left"
    },
    {
      "center_segment": 2,
      "objective": 9744.922391850703,
      "segments": [
        1,
        2,
        3
      ],
      "window_type": "left"
    },
    {
      "center_segment": 3,
      "objective": 0.0,
      "segments": [
        2,
        3,
        4
      ],
      "window_type": "interior"
    },
    {
      "center_segment": 4,
      "objective": 5945.029354294417,
      "segments": [
        3,
        4,
        5
      ],
      "window_type": "right"
    },
    {
      "center_segment": 5,
      "objective": 2309.9679229548356,
      "segments": [
        4,
        5
      ],
      "window_type": "right"
    }
  ],
  "meta": {
    "T": [
      0.8,
      1.4,
      0.9,
      1.1,
      0.75
    ],
    "elapsed_sec": 0.0030725570395588875,
    "k": 2,
    "q": [
      0.0,
      1.0,
      -0.8,
      1.5,
      0.2,
      0.7
    ],
    "s": 4,
    "success": true
  },
  "scheme": "B",
  "stats": {
    "0": {
      "is_zero_tol": true,
      "max_abs": 1.6631140908884845e-13,
      "mean_abs": 1.1561585022690224e-13,
      "median_abs": 1.186550857568136e-13,
      "q95_abs": 1.6161516569468402e-13,
      "rms": 1.222849334501627e-13
    },
    "1": {
      "is_zero_tol": true,
      "max_abs": 2.7711166694643907e-13,
      "mean_abs": 1.1930734178378088e-13,
      "median_abs": 9.35918009759007e-14,
      "q95_abs": 2.614908289899631e-13,
      "rms": 1.636151632133683e-13
    },
    "2": {
      "is_zero_tol": true,
      "max_abs": 1.963762485956977e-12,
      "mean_abs": 1.1532302890415735e-12,
      "median_abs": 1.1740330929654874e-12,
      "q95_abs": 1.867730969884462e-12,
      "rms": 1.2988879114240466e-12
    },
    "3": {
      "is_zero_tol": true,
      "max_abs": 2.5508484213787597e-12,
      "mean_abs": 1.5449863610683678e-12,
      "median_abs": 1.8118839761882555e-12,
      "q95_abs": 2.4719781777093884e-12,
      "rms": 1.8140824078897356e-12
    },
    "4": {
      "is_zero_tol": false,
      "max_abs": 2234.4192988840955,
      "mean_abs": 1429.417016919348,
      "median_abs": 1420.2681439842047,
      "q95_abs": 2203.7541418703086,
      "rms": 1595.5830618328005
    },
    "5": {
      "is_zero_tol": false,
      "max_abs": 47374.97353008155,
      "mean_abs": 26549.759820956402,
      "median_abs": 26606.877387964072,
      "q95_abs": 46889.484993707905,
      "rms": 32811.67076337822
    },
    "6": {
      "is_zero_tol": false,
      "max_abs": 198297.91851280825,
      "mean_abs": 108971.73208780603,
      "median_abs": 108904.16289430912,
      "q95_abs": 195071.24867591364,
      "rms": 134768.01776690717
    }
  },
  "stats_overview": {
    "higher_order_max": 198297.91851280825,
    "locality_score": "medium-high",
    "lower_order_max": 2.5508484213787597e-12,
    "needs_consensus": true,
    "needs_global_variables": false,
    "reaches_Cs_minus_1": true
  },
  "table_paths": {},
  "weights": {
    "1": [
      1.0,
      1.0
    ],
    "2": [
      1.0,
      1.0
    ],
    "3": [
      1.0,
      1.0
    ],
    "4": [
      1.0,
      1.0
    ]
  }
}