{
  "banded_vs_fd": {
    "l2_error": 4.3909022773852434e-05,
    "max_abs_error": 3.755834586627316e-05
  },
  "control_term_partial": {
    "l2_error": 1.5974702502446758e-05,
    "max_abs_error": 1.4851184459985234e-05
  },
  "control_value": 2688.91534159115,
  "dense_vs_banded": {
    "l2_error": 2.4757902952367847e-12,
    "max_abs_error": 1.8189894035458565e-12
  },
  "dense_vs_fd": {
    "l2_error": 4.3909025039123e-05,
    "max_abs_error": 3.755834768526256e-05
  },
  "obs_term_partial": {
    "l2_error": 4.789930056669968e-09,
    "max_abs_error": 4.200989778269104e-09
  },
  "obs_value": 0.35585543895046357,
  "time_term_partial": {
    "l2_error": 2.6513438205603068e-11,
    "max_abs_error": 2.6317795165375912e-11
  },
  "time_value": 0.3025
}