test_name,max_abs_error,l2_error,passed
total_dense_vs_fd,3.755834768526256e-05,4.3909025039123e-05,True
total_banded_vs_fd,3.755834586627316e-05,4.3909022773852434e-05,True
dense_vs_banded,1.8189894035458565e-12,2.4757902952367847e-12,True
control_term_partial,1.4851184459985234e-05,1.5974702502446758e-05,True
time_term_partial,2.6317795165375912e-11,2.6513438205603068e-11,True
obs_term_partial,4.200989778269104e-09,4.789930056669968e-09,True
