{
  "coeffs": [
    [
      0.0,
      0.0,
      0.0,
      0.0,
      14.202489356111244,
      -24.482232041889432,
      14.725627528556483,
      -3.1244122868671367
    ],
    [
      1.0,
      2.165527209171354,
      -1.8371691729283142,
      -5.239467780644864,
      1.6501172820363608,
      4.20867895968627,
      -2.771081277897895,
      0.4778129031962969
    ],
    [
      -0.8,
      0.9281008789827253,
      5.333450319528919,
      -1.340832210265772,
      -4.469768347385201,
      0.5983753209031465,
      1.9114851734254885,
      -0.6574997479396578
    ],
    [
      1.5,
      0.5255359379594913,
      -4.989020942207593,
      0.18580020519502322,
      4.671359385117928,
      -0.26367545505264556,
      -2.230763238594051,
      0.7433472874507376
    ],
    [
      0.2,
      0.8264222346112307,
      2.178294737915485,
      -3.7418921933154916,
      -2.6383750122609446,
      3.901741744348875,
      3.493010874776674,
      -3.59055209540563
    ]
  ],
  "eta_shared": [
    [
      2.165527209171354,
      -3.6743383458566283,
      -31.436806683869182
    ],
    [
      0.9281008789827252,
      10.666900639057836,
      -8.044993261594632
    ],
    [
      0.5255359379594913,
      -9.978041884415186,
      1.1148012311701394
    ],
    [
      0.8264222346112308,
      4.35658947583097,
      -22.451353159892953
    ]
  ],
  "figure_paths": {},
  "jumps": {
    "0": [
      -5.1514348342607263e-14,
      1.0058620603103918e-13,
      -1.0658141036401503e-13,
      1.0275114092905824e-13
    ],
    "1": [
      -2.4780177909633494e-13,
      3.091971123581061e-13,
      -5.087041898832467e-13,
      4.354294702579864e-13
    ],
    "2": [
      -9.210410212290299e-13,
      7.300826609935029e-13,
      -1.8527401834944612e-12,
      1.4805934256401088e-12
    ],
    "3": [
      -2.383870878475136e-12,
      1.4690471061840071e-12,
      -4.439559830871076e-12,
      3.7125857943465235e-12
    ],
    "4": [
      7.645439836778678e-12,
      -7.560174708487466e-12,
      8.327560863108374e-12,
      -1.9753088054130785e-12
    ],
    "5": [
      1.3153567124390975e-10,
      4.5844217311241664e-11,
      -1.8033574633591343e-11,
      1.1857537174364552e-10
    ],
    "6": [
      -1.1430074664531276e-09,
      2.3442225938197225e-10,
      -2.1964297047816217e-10,
      -3.228706191293895e-11
    ]
  },
  "meta": {
    "T": [
      0.8,
      1.4,
      0.9,
      1.1,
      0.75
    ],
    "elapsed_sec": 0.0012244351673871279,
    "k": 2,
    "q": [
      0.0,
      1.0,
      -0.8,
      1.5,
      0.2,
      0.7
    ],
    "s": 4,
    "success": true
  },
  "scheme": "A",
  "stats": {
    "0": {
      "is_zero_tol": true,
      "max_abs": 1.0658141036401503e-13,
      "mean_abs": 9.035827641667993e-14,
      "median_abs": 1.0166867348004871e-13,
      "q95_abs": 1.060068699487715e-13,
      "rms": 9.312452271862647e-14
    },
    "1": {
      "is_zero_tol": true,
      "max_abs": 5.087041898832467e-13,
      "mean_abs": 3.7528313789891854e-13,
      "median_abs": 3.7231329130804625e-13,
      "q95_abs": 4.977129819394577e-13,
      "rms": 3.8903320950396414e-13
    },
    "2": {
      "is_zero_tol": true,
      "max_abs": 1.8527401834944612e-12,
      "mean_abs": 1.2461143228392757e-12,
      "median_abs": 1.2008172234345693e-12,
      "q95_abs": 1.7969181698163082e-12,
      "rms": 1.3234557354001088e-12
    },
    "3": {
      "is_zero_tol": true,
      "max_abs": 4.439559830871076e-12,
      "mean_abs": 3.0012659024691857e-12,
      "median_abs": 3.0482283364108298e-12,
      "q95_abs": 4.330513725392393e-12,
      "rms": 3.2145732429708707e-12
    },
    "4": {
      "is_zero_tol": true,
      "max_abs": 8.327560863108374e-12,
      "mean_abs": 6.377121053446899e-12,
      "median_abs": 7.602807272633072e-12,
      "q95_abs": 8.225242709158919e-12,
      "rms": 6.871300945348207e-12
    },
    "5": {
      "is_zero_tol": false,
      "max_abs": 1.3153567124390975e-10,
      "mean_abs": 7.849720873309707e-11,
      "median_abs": 8.220979452744359e-11,
      "q95_abs": 1.295916263188701e-10,
      "rms": 9.190845128261505e-11
    },
    "6": {
      "is_zero_tol": false,
      "max_abs": 1.1430074664531276e-09,
      "mean_abs": 4.0733993955655023e-10,
      "median_abs": 2.270326149300672e-10,
      "q95_abs": 1.006719685392454e-09,
      "rms": 5.938655893610916e-10
    }
  },
  "stats_overview": {
    "higher_order_max": 1.1430074664531276e-09,
    "locality_score": "low",
    "lower_order_max": 4.439559830871076e-12,
    "needs_consensus": false,
    "needs_global_variables": true,
    "reaches_Cs_minus_1": true
  },