test_name,passed,max_abs_error,l2_error,dense_banded_gap,objective_drop,grad_norm_drop
gradcheck_dense_vs_fd,True,3.755834768526256e-05,4.3909025039123e-05,1.8189894035458565e-12,0.0,0.0
gradcheck_banded_vs_fd,True,3.755834586627316e-05,4.3909022773852434e-05,1.8189894035458565e-12,0.0,0.0
optimization_demo,True,0.0,0.0,1.8189894035458565e-12,2688.2239335085405,12432.169353469339
