{
  "fit": {
    "fit_log_errors": [
      6.7258301611583455,
      -2.6468394912642346,
      -12.019509143686815,
      -21.392178796109395
    ],
    "intercept": 16.098499813580926,
    "k_max": 8,
    "k_min": 2,
    "log_errors": [
      1.4932133201691102,
      0.05101795147706418,
      -1.7173735062017048,
      -29.159555035346557
    ],
    "r2": 0.6859188670308012,
    "slope": -4.68633482621129,
    "valid_count": 4
  },
  "records": [
    {
      "abs_cost_gap": -8798.326259914807,
      "global_l2": 4.451376259535045,
      "k": 2,
      "kind": "ideal",
      "max_abs": 1.5568423438095416,
      "max_segmentwise_l2": 2.3676431287679605,
      "mean_segmentwise_l2": 1.407855218475494,
      "rel_cost_gap": -0.22027768408797632,
      "relative_l2": 0.12122747736805227,
      "segmentwise_l2": [
        1.3986271023996166,
        0.3712470041929296,
        0.25530787772752545,
        2.3676431287679605,
        1.7164650847844984,
        2.1070362354982257,
        1.4151592504138732,
        1.631356064019322
      ]
    },
    {
      "abs_cost_gap": -1767.5558151847945,
      "global_l2": 1.0523417842030462,
      "k": 4,
      "kind": "ideal",
      "max_abs": 0.5069599891297367,
      "max_segmentwise_l2": 0.6823981822678975,
      "mean_segmentwise_l2": 0.265208552124205,
      "rel_cost_gap": -0.044253087458126616,
      "relative_l2": 0.028659167949387356,
      "segmentwise_l2": [
        0.31590505552222226,
        0.0924003246145276,
        1.0314101208614488e-13,
        1.1435352395185306e-13,
        6.557840810897161e-14,
        0.6823981822678975,
        0.48403515535232394,
        0.5469296992363861
      ]
    },
    {
      "abs_cost_gap": -182.0066086733932,
      "global_l2": 0.1795370822207616,
      "k": 6,
      "kind": "ideal",
      "max_abs": 0.10076617695640655,
      "max_segmentwise_l2": 0.1795370822207616,
      "mean_segmentwise_l2": 0.022442135277660494,
      "rel_cost_gap": -0.004556775125507784,
      "relative_l2": 0.004889460315789368,
      "segmentwise_l2": [
        1.1089154352250652e-13,
        3.852333915219369e-14,
        1.0314101208614488e-13,
        1.1435352395185306e-13,
        6.557840810897161e-14,
        5.0824574372028414e-14,
        3.9052482027274856e-14,
        0.1795370822207616
      ]
    },
    {
      "abs_cost_gap": 1.0186340659856796e-10,
      "global_l2": 2.1685335887697797e-13,
      "k": 8,
      "kind": "ideal",
      "max_abs": 9.214851104388799e-14,
      "max_segmentwise_l2": 1.1435352395185306e-13,
      "mean_segmentwise_l2": 6.948047717718097e-14,
      "rel_cost_gap": 2.4424906541753444e-15,
      "relative_l2": 5.905720865346678e-15,
      "segmentwise_l2": [
        1.1089154352250652e-13,
        3.852333915219369e-14,
        1.0314101208614488e-13,
        1.1435352395185306e-13,
        6.557840810897161e-14,
        5.0824574372028414e-14,
        3.9052482027274856e-14,
        3.347893419647463e-14
      ]
    }
  ]
}