{
  "coeffs": [
    [
      0.0,
      -2.7711166694643916e-15,
      -8.526512829121203e-15,
      9.473903143468002e-15,
      7.649909914800153,
      -9.649410670816376,
      4.6133117544643385,
      -0.8622942402426398
    ],
    [
      1.0,
      2.8416094512898447,
      0.394890467894784,
      -4.0449597174862735,
      -0.8438117072759995,
      2.4939758461461534,
      -0.9028388826475238,
      0.11132114391069585
    ],
    [
      -0.8,
      2.3638891656794456,
      1.1497049412650437,
      -1.0408247620523834,
      0.0,
      0.0,
      0.0,
      0.0
    ],
    [
      1.5,
      -2.885395033135279,
      -1.5801235424433457,
      4.518924248848369,
      -0.8606225351415067,
      -0.5737483567611898,
      -0.21249939139287666,
      0.1702229644577837
    ],
    [
      0.2,
      1.6889011216063654,
      -0.8282063483440101,
      -2.167219987436121,
      1.5243934471518579,
      0.8314873348102522,
      0.2519658590332606,
      -0.8315745567081433
    ]
  ],
  "eta_delta": [
    [
      0.551236145407012,
      3.972560560579983,
      9.88143173530987
    ],
    [
      -6.8250680181935035,
      2.631173779485296,
      39.434663485473195
    ],
    [
      4.789548921304512,
      -0.16079674766609164,
      -33.358494065404514
    ],
    [
      -0.37142396058937655,
      2.732157451347708,
      -5.86118012900684
    ]
  ],
  "eta_left": [
    [
      3.3928455966968567,
      4.762341496369551,
      -14.38832656960777
    ],
    [
      -4.461178852514058,
      4.930583662015383,
      33.189714913158895
    ],
    [
      1.9041538881692324,
      -3.321043832552783,
      -6.2449485723143
    ],
    [
      1.3174771610169889,
      1.0757447546596879,
      -18.864500053623566
    ]
  ],
  "eta_right": [
    [
      2.8416094512898447,
      0.789780935789568,
      -24.26975830491764
    ],
    [
      2.3638891656794456,
      2.2994098825300875,
      -6.2449485723143
    ],
    [
      -2.885395033135279,
      -3.1602470848866915,
      27.113545493090214
    ],
    [
      1.6889011216063654,
      -1.6564126966880202,
      -13.003319924616726
    ]
  ],
  "figure_paths": {},
  "jumps": {
    "0": [
      -3.9968028886505635e-15,
      2.220446049250313e-16,
      -1.3322676295501878e-15,
      2.220446049250313e-16
    ],
    "1": [
      0.551236145407012,
      -6.8250680181935035,
      4.789548921304512,
      -0.37142396058937655
    ],
    "2": [
      3.972560560579983,
      2.631173779485296,
      -0.16079674766609164,
      2.732157451347708
    ],
    "3": [
      9.88143173530987,
      39.434663485473195,
      -33.358494065404514,
      -5.86118012900684
    ],
    "4": [
      -30.442584083515257,
      18.284129450234616,
      20.65494084339616,
      -35.22381837587433
    ],
    "5": [
      -190.64696212737437,
      -60.947098167456716,
      68.84980281134278,
      182.11606225294275
    ],
    "6": [
      494.8580820622175,
      135.43799592765276,
      152.9995618028712,
      609.3011346471341
    ]
  },
  "local_windows": [
    {
      "center_segment": 1,
      "objective": 4545.487716676647,
      "window_type": "left"
    },
    {
      "center_segment": 2,
      "objective": 9744.922391850703,
      "window_type": "left"
    },
    {
      "center_segment": 3,
      "objective": 0.0,
      "window_type": "interior"
    },
    {
      "center_segment": 4,
      "objective": 5945.029354294417,
      "window_type": "right"
    },
    {
      "center_segment": 5,
      "objective": 2309.9679229548356,
      "window_type": "right"
    }
  ],
  "meta": {
    "T": [
      0.8,
      1.4,
      0.9,
      1.1,
      0.75
    ],
    "elapsed_sec": 0.002835481893271208,
    "k": 2,
    "q": [
      0.0,
      1.0,
      -0.8,
      1.5,
      0.2,
      0.7
    ],
    "s": 4,
    "success": true
  },
  "scheme": "C",
  "stats": {
    "0": {
      "is_zero_tol": true,
      "max_abs": 3.9968028886505635e-15,
      "mean_abs": 1.4432899320127035e-15,
      "median_abs": 7.771561172376096e-16,
      "q95_abs": 3.597122599785506e-15,
      "rms": 2.112343365827712e-15
    },
    "1": {
      "is_zero_tol": false,
      "max_abs": 6.8250680181935035,
      "mean_abs": 3.134319261373601,
      "median_abs": 2.670392533355762,
      "q95_abs": 6.519740153660154,
      "rms": 4.182198864504176
    },
    "2": {
      "is_zero_tol": false,
      "max_abs": 3.972560560579983,
      "mean_abs": 2.3741721347697697,
      "median_abs": 2.681665615416502,
      "q95_abs": 3.786500094195141,
      "rms": 2.7474921655184605
    },
    "3": {
      "is_zero_tol": false,
      "max_abs": 39.434663485473195,
      "mean_abs": 22.133942353798606,
      "median_abs": 21.619962900357194,
      "q95_abs": 38.52323807246289,
      "rms": 26.456936406963273
    },
    "4": {
      "is_zero_tol": false,
      "max_abs": 35.22381837587433,
      "mean_abs": 26.15136818825509,
      "median_abs": 25.54876246345571,
      "q95_abs": 34.50663323202047,
      "rms": 27.057366268983067
    },
    "5": {
      "is_zero_tol": false,
      "max_abs": 190.64696212737437,
      "mean_abs": 125.63998133977915,
      "median_abs": 125.48293253214277,
      "q95_abs": 189.36732714620962,
      "rms": 139.6131874332692
    },
    "6": {
      "is_zero_tol": false,
      "max_abs": 609.3011346471341,
      "mean_abs": 348.14919360996885,
      "median_abs": 323.92882193254434,
      "q95_abs": 592.1346767593965,
      "rms": 405.550462555941
    }
  },
  "stats_overview": {
    "eta_mismatch_norms": [
      10.66432331819829,
      40.107322437721166,
      33.700960828665664,
      6.477350739470523
    ],
    "higher_order_max": 609.3011346471341,
    "locality_score": "high",
    "lower_order_max": 39.434663485473195,
    "needs_consensus": false,
    "needs_global_variables": false,
    "reaches_Cs_minus_1": false
  },
  "table_paths": {}
}