step,objective,ctrl,time,obs,grad_norm,step_used,accepted,T_min
0,2689.5736970301004,2688.91534159115,0.3025,0.35585543895046357,nan,0.0,True,0.85
1,2567.4913630594237,2566.8808953445887,0.34508165811808456,0.2653860567172596,12436.760309244146,0.0003125,True,0.9775
2,1371.509550565533,1370.5910049269394,0.38512498378047016,0.5334206548130621,13452.619740760629,0.000625,True,1.124125
3,231.30882272274283,230.3109895761397,0.4142022011733102,0.5836309454298196,6212.191024083359,0.00125,True,1.214107124310331
4,200.53132175717894,199.50893656587783,0.44419960465424685,0.5781855866468695,1030.0758552564114,0.005,True,1.2147064621316572
5,1.8016474485263472,0.3879482435507647,0.48138552287641434,0.9323136820991682,706.6059605859178,0.005,True,1.2156316387528738
6,1.7327114465619742,0.3509159136361673,0.4815590098094175,0.9002365231163892,10.052153635127253,0.0025,True,1.2158392289150397
7,1.6743840393992424,0.27172356706544837,0.4817181158421022,0.9209423564916918,8.724556399961003,0.0025,True,1.21645444763233
8,1.613533039517575,0.25191853099143807,0.4818327002065895,0.8797818083195474,8.414836489951126,0.0025,True,1.216587914172922
