{
  "ctrl_drop": 2688.6634230601585,
  "final_objective": 1.613533039517575,
  "grad_norm_drop": 12428.345472754194,
  "initial_objective": 2689.5736970301004,
  "objective_drop": 2687.9601639905827,
  "obs_drop": -0.5239263693690839,
  "time_drop": -0.17933270020658953,
  "touches_T_min": false
}